Id,y
10000,-66.00242349023121
10001,451.40650440115485
10002,-461.676417060299
10003,40.5012087537233
10004,-126.7447224540367
10005,-342.53455181925085
10006,-396.555542113589
10007,335.5412790790873
10008,-99.5124208706237
10009,304.8125398062758
10010,68.8945304897851
10011,412.3691954559073
10012,54.942371024768
10013,-17.0055507547795
10014,-597.8499575722608
10015,443.5022887864148
10016,144.7744869780436
10017,-57.4111636725367
10018,134.3878275774606
10019,-108.9837759891085
10020,153.8248284250668
10021,611.7359836022018
10022,588.3896503384218
10023,-131.0167999580197
10024,-61.1356211412294
10025,-374.2484953169727
10026,74.15799307965409
10027,137.4383787361044
10028,420.08661179679035
10029,196.7656257134428
10030,268.4428498005316
10031,638.4749102511083
10032,127.37873138691991
10033,1.3491187583998998
10034,22.7104531774083
10035,342.23953452256467
10036,307.70396697417186
10037,348.1382087009397
10038,-168.6528613073544
10039,-20.221130904617198
10040,-551.7499275731113
10041,-429.97180406674
10042,261.8919587067438
10043,389.820426129221
10044,-96.16562227356559
10045,-210.7108012563241
10046,278.881868784011
10047,-427.4533010310488
10048,-172.9032529175671
10049,467.2643783557859
10050,-631.5587355874387
10051,-355.5316593381782
10052,143.1732755386038
10053,69.19920259894211
10054,275.5882739767252
10055,-263.1886122041024
10056,167.49830723241217
10057,104.5778958901426
10058,230.0700866100754
10059,20.988026644576603
10060,-4.8225812625016
10061,-201.92294081063758
10062,560.0639265657699
10063,55.288476252449
10064,671.3015746918346
10065,-493.7487382852285
10066,-279.353036732592
10067,-53.71252761314771
10068,379.6981955009753
10069,315.0714108579814
10070,169.1300173261432
10071,-271.5993032690112
10072,783.8022226750342
10073,44.577311515548395
10074,57.406780054577396
10075,-161.0782741430678
10076,-220.66957847885732
10077,223.2412944292918
10078,352.665595543754
10079,13.163291366265199
10080,-461.99414698573037
10081,305.3721466914233
10082,-230.5965617386111
10083,359.0744432425437
10084,-430.2605633759212
10085,-115.5488220554618
10086,-88.9600638786739
10087,-488.2901898080417
10088,-139.3503385471352
10089,57.3388081085268
10090,-190.3362427216644
10091,-6.5080929148246
10092,189.2910777470183
10093,346.6036781856554
10094,871.6273206485893
10095,-147.0135373865383
10096,443.4899377794297
10097,-30.4984329744369
10098,185.4634575344592
10099,-119.9171715173277
10100,43.5752380018073
10101,58.3185715522445
10102,-197.1524682983976
10103,-70.4716067884122
10104,-342.84605328866735
10105,-29.2335898737167
10106,49.5229292961035
10107,-16.246144137913
10108,33.7750692616069
10109,-68.8830774832413
10110,25.8633994936968
10111,-617.3142842716952
10112,-185.9044130119487
10113,323.7831061093861
10114,-35.662195722128104
10115,-733.5297711613837
10116,-240.738562647361
10117,-381.9731466242486
10118,75.319944621695
10119,36.6103264591179
10120,-28.7562702250232
10121,-481.160627968588
10122,408.8502304229884
10123,-765.0217471991631
10124,178.0726965163703
10125,-7.6498793856734
10126,134.7968462337593
10127,-477.4585142128699
10128,-248.70625301323568
10129,-361.8846572238637
10130,-18.755611748554
10131,7.7956043744347
10132,-109.10598972538371
10133,-63.073745242194
10134,591.8231837349158
10135,259.6126336966275
10136,-279.8658320087675
10137,93.2253594005184
10138,-427.287315419135
10139,84.38656633089809
10140,-311.5446306441553
10141,11.4192686125614
10142,-297.83146842358514
10143,-331.9289709686431
10144,656.0132305257304
10145,-476.6626813650534
10146,361.1940451337743
10147,-150.18526861192282
10148,299.946719024324
10149,-191.72143219270768
10150,151.9499951161202
10151,-64.6727578157641
10152,351.2448616306333
10153,-370.63644575627234
10154,349.2249817861109
10155,273.5246096168013
10156,783.1971843196867
10157,-124.2378897357401
10158,-155.22004432990818
10159,-506.95564938641
10160,201.6932123856152
10161,-415.174057159636
10162,-348.1651051695645
10163,-201.9522410868095
10164,-658.9504470533368
10165,179.3464016817151
10166,124.0692581616869
10167,-209.1502535520176
10168,213.7051347740057
10169,-82.1172102380895
10170,-97.1102698972688
10171,124.2680057464805
10172,50.2899156571428
10173,538.7439592813366
10174,630.0175345543367
10175,217.25927782654432
10176,-491.7337413267075
10177,-131.1417511388326
10178,362.3930224172944
10179,-14.363038055408301
10180,-30.2617573616762
10181,-107.3235807672988
10182,-334.0625929296719
10183,299.5063996464326
10184,-103.4722148450534
10185,179.820499467194
10186,122.200708879007
10187,86.58037161690629
10188,386.4825605669919
10189,-613.3611745045823
10190,-269.8163873834628
10191,260.7314512622858
10192,-44.620161280427396
10193,-159.15717576416858
10194,-145.2455987935753
10195,447.2282148760013
10196,476.35698596959463
10197,121.7942134532724
10198,-1.5356790561065
10199,410.74409653878115
10200,90.82809979964729
10201,150.07336956845108
10202,24.0336529615467
10203,273.8866340536302
10204,-154.5292603802508
10205,42.5889015070656
10206,617.3417063168558
10207,38.939360761429604
10208,-91.4361011949043
10209,225.35327477391132
10210,151.0582757708565
10211,-86.9166477364602
10212,-101.717889580073
10213,161.937765026055
10214,357.8704141035456
10215,32.1459781865542
10216,-379.145399200292
10217,-165.94213222367182
10218,257.45392169454067
10219,-124.83850779184121
10220,47.084514722992
10221,-67.0506513898021
10222,287.1733441341635
10223,836.2674277701623
10224,-78.7332926020565
10225,-293.0092291521935
10226,284.9163264622559
10227,377.95143200822764
10228,-473.9426195897227
10229,-538.8094549766039
10230,-372.9047504031866
10231,-83.3770088996876
10232,157.4620595191126
10233,167.50291456151032
10234,-105.69040574319621
10235,561.1616879176281
10236,-149.355318957468
10237,196.9668051235223
10238,-33.8199117275797
10239,5.1994198823374
10240,-121.7084229606322
10241,53.4735798173784
10242,531.2918938411246
10243,-157.6026225893758
10244,-183.77196239261218
10245,643.8322464256622
10246,17.7803060101293
10247,-92.0793971946027
10248,485.4931646050747
10249,-221.23657860793918
10250,490.6065050484613
10251,-43.6771591542503
10252,139.9332298711763
10253,207.5044744276111
10254,17.0926470243603
10255,-396.4720331605291
10256,-168.3016676152914
10257,-75.59324100124441
10258,-292.07350780076916
10259,-59.3736653466331
10260,247.369047064384
10261,206.8311275818564
10262,17.4624644640805
10263,-181.81148500656968
10264,300.17615094548614
10265,-567.6387247955886
10266,311.593272852635
10267,-9.9295118354921
10268,161.407823045478
10269,272.3855992297234
10270,55.1224574194255
10271,-15.2782674121978
10272,286.4023019429028
10273,387.8886119434743
10274,-148.57888863638658
10275,171.9523524483959
10276,-411.570592222679
10277,213.8025382707523
10278,133.9300243737171
10279,-99.0171775012418
10280,-162.4172422455821
10281,-39.0741901134785
10282,-295.1584521832393
10283,141.3248135435955
10284,163.05983005334582
10285,-55.4554014624178
10286,-145.7406760935217
10287,16.3504624363545
10288,-364.29855848282835
10289,558.6630187376726
10290,40.050661219007395
10291,67.63734504297
10292,559.840084655466
10293,469.80694715741566
10294,-149.4998010545295
10295,-328.82278669969617
10296,425.771317046674
10297,85.5046624117948
10298,-166.9155370558492
10299,-662.2984070393495
10300,50.280391653003896
10301,-11.355718332961802
10302,-451.8112644495302
10303,78.672833134131
10304,-386.8187999173566
10305,-273.2273830523715
10306,352.015045440022
10307,-263.8480409181022
10308,-214.73022299361168
10309,-84.88115489738429
10310,745.8832791254223
10311,-418.9751084522734
10312,739.1991251661944
10313,-469.0774263529475
10314,481.8298448656712
10315,363.20797478744066
10316,-270.253041820719
10317,-399.59212471613165
10318,234.4572803070643
10319,-38.734693570326
10320,238.3687487185066
10321,28.6974419901827
10322,238.23095785965268
10323,-130.0074403000013
10324,-681.2945617788495
10325,61.580652959542604
10326,-444.929850670959
10327,-14.713208392840802
10328,680.4767823428565
10329,288.7326064937642
10330,839.9704901556718
10331,416.65747651917934
10332,167.3560372891567
10333,-86.7795378670688
10334,332.7699676004365
10335,-201.3344309342536
10336,-43.625082987841296
10337,-107.9023777960968
10338,-284.0357380251703
10339,232.60855717832558
10340,237.83315171539968
10341,74.39980567720309
10342,255.51770406364568
10343,-168.64961928561019
10344,68.5633460162898
10345,-365.44198172526063
10346,189.7064988609459
10347,-369.8332497667086
10348,-250.900243902378
10349,76.3135501962321
10350,-344.9455092337757
10351,-187.4233932681255
10352,482.1697569825219
10353,125.7526697288597
10354,450.6919437521851
10355,216.17619018208183
10356,34.3419357193047
10357,57.5114559612151
10358,-211.41949894712718
10359,49.7624918094931
10360,76.1110402075843
10361,-29.196254490440698
10362,33.0489585287374
10363,364.56271216309983
10364,234.48280987315118
10365,-21.796554859089802
10366,-476.9378770477998
10367,43.567658993046706
10368,-310.95721366516915
10369,-46.9411162260369
10370,181.1955810713355
10371,-214.9624298200718
10372,-80.2270603152213
10373,841.2082291657364
10374,102.3567870858701
10375,37.2977380468818
10376,77.39818275960221
10377,435.794521493692
10378,111.39479265155691
10379,-128.829224153875
10380,573.0501210583958
10381,48.602468077911205
10382,-68.5541465921885
10383,56.6816245058304
10384,-360.30993199944015
10385,131.901922834504
10386,-264.5258976334307
10387,-378.79324972499217
10388,-190.0992925997663
10389,862.9152130409612
10390,159.5764966623107
10391,514.0204635801451
10392,61.387667803407
10393,720.8758958326579
10394,-450.976731039802
10395,105.8944421199971
10396,-27.532603044002897
10397,-23.43556196677
10398,331.20599829494563
10399,-156.0245639482412
10400,0.9477018385605
10401,17.232405165319598
10402,143.23908417021232
10403,53.2264513907465
10404,41.013349269794396
10405,-129.3925514683473
10406,430.9165210459297
10407,-427.909619657357
10408,49.114004852091604
10409,-221.6475803891873
10410,-313.7597121868502
10411,115.2445224470696
10412,96.10097204453541
10413,-399.9159849424205
10414,-8.4114079235631
10415,733.184132437468
10416,-332.42676649165065
10417,83.676120421943
10418,339.7927486554423
10419,-35.115701314514304
10420,38.2043354338781
10421,-606.1984890559308
10422,194.2728533894615
10423,155.0315511615825
10424,-111.2564778734838
10425,-63.3393716365159
10426,403.9358187289638
10427,690.9194303358593
10428,75.78129943644991
10429,-340.3154065235758
10430,-195.7615954269784
10431,40.44513870875571
10432,-137.65418796029292
10433,-95.6747965895448
10434,290.8435378725026
10435,568.4646813472785
10436,351.2186507540745
10437,194.7151665816825
10438,-312.15084208719367
10439,-518.3107868724475
10440,-80.7515804806129
10441,-109.9105383057845
10442,491.4108364751961
10443,371.4851448604937
10444,343.85664466843514
10445,114.6078539736846
10446,-315.2044219098823
10447,83.1039650930708
10448,-82.5991510177405
10449,-182.2190272252756
10450,-294.91729245130483
10451,-294.2105553148697
10452,611.5470417356518
10453,-34.7561341035925
10454,-115.0415769005776
10455,263.2793379023753
10456,346.056512092838
10457,194.61161526910982
10458,257.3561496384943
10459,-303.208094927115
10460,-173.1959108570595
10461,-88.5398344857848
10462,137.6016120001119
10463,337.048649278065
10464,155.7252346036267
10465,-250.2907929052381
10466,148.0634001514352
10467,333.682188609378
10468,-260.3363923834255
10469,340.30790922791414
10470,224.6853557126954
10471,-607.2797170619309
10472,-54.8595929409184
10473,-685.0910817258427
10474,268.2582707785939
10475,108.79743563388429
10476,-233.1676171727207
10477,115.89088157850179
10478,75.2887546149848
10479,312.58695394034214
10480,78.42590704679479
10481,-509.6307964395819
10482,142.15294578474618
10483,-567.6096744598835
10484,99.1978441101307
10485,181.76569364680958
10486,-27.4070983943584
10487,-646.8210508159743
10488,-261.6328162502989
10489,-398.8768891978157
10490,-259.4107520561827
10491,-252.0574035679906
10492,-25.6479672273314
10493,-479.3579494231418
10494,109.910686190219
10495,161.94257969113968
10496,-436.807174239755
10497,-66.0122044225675
10498,-73.60538265407159
10499,51.0027394461938
10500,7.6096810321636
10501,-38.390486731082795
10502,493.59597060692784
10503,-303.4490805444864
10504,285.3630587606857
10505,236.9308212194621
10506,-112.9028873820915
10507,-104.9163970540468
10508,70.1107117201519
10509,-334.4021807746178
10510,-526.1520613513316
10511,26.695126681540398
10512,16.6250768789066
10513,-282.62391868623934
10514,-156.7643892232481
10515,-368.7038524010557
10516,87.2669838839738
10517,9.6219614493943
10518,159.3385543339495
10519,737.8354361900723
10520,-63.5256148968379
10521,253.392345404068
10522,-195.479262260479
10523,-233.604062757006
10524,672.04300276033
10525,161.02647811634
10526,-86.9238858837819
10527,767.4499376317859
10528,300.1434547015424
10529,-264.63326212053033
10530,506.8069224983667
10531,413.7325757860616
10532,-227.9556542045857
10533,270.7218219182481
10534,166.2721453884319
10535,467.8359469952992
10536,691.0141927413324
10537,-235.1955016257749
10538,-204.494756337837
10539,235.5654990256696
10540,481.50822898950116
10541,-404.2863716261733
10542,499.63459887902184
10543,-280.42362428355983
10544,349.63535701277465
10545,56.279218559327
10546,377.78382419955284
10547,58.239294125082
10548,424.29981217464814
10549,85.80041244154721
10550,-252.9928885245896
10551,172.8678449550203
10552,-190.1066002057142
10553,306.96428652366836
10554,-179.1176649334226
10555,-155.775904940049
10556,-208.7525705791081
10557,-257.4259780204176
10558,-187.8870804578434
10559,178.9596858980308
10560,769.2994246067656
10561,131.4540049564618
10562,-86.33605847725521
10563,-440.7896941287978
10564,522.2063378416922
10565,74.2604453705895
10566,-273.3451908082478
10567,23.885483202722
10568,-140.88619011673768
10569,337.44189332546466
10570,63.425120244031206
10571,-78.1210436056396
10572,-209.4159615061063
10573,-354.30221699579016
10574,261.54958940727266
10575,252.7847530350219
10576,415.332793496398
10577,-341.4106217749628
10578,-101.5430656172893
10579,-82.9800373443467
10580,-146.1918594508301
10581,-400.9570095088502
10582,114.6881016153073
10583,-318.4094491728405
10584,-27.1286511131505
10585,253.392063550323
10586,-15.16159723591
10587,490.276310156697
10588,67.1605541551607
10589,-583.6536301606627
10590,566.8292227808814
10591,-659.7840206113417
10592,-280.3445865766314
10593,-618.484957603464
10594,-403.08152177208217
10595,52.5807958677762
10596,154.1372478179056
10597,-187.1872458864615
10598,45.064322864018706
10599,389.8698024589755
10600,497.4944277009732
10601,-172.6046614569697
10602,-199.4880483069114
10603,146.3321354045878
10604,-745.9314211823648
10605,-230.93578234679632
10606,-157.7376882351049
10607,170.55585672160782
10608,58.528195791273795
10609,21.778235377083103
10610,-33.8454323885952
10611,527.0115321450173
10612,370.35979324782113
10613,-83.7088492933667
10614,-297.86678182751785
10615,379.6300416409046
10616,-194.49981867886441
10617,-59.0811542392412
10618,-59.0507414560859
10619,-265.7953310406417
10620,-488.3242148449632
10621,-28.133316815096897
10622,-110.8972425166388
10623,642.5198198743137
10624,-25.1049582455752
10625,368.27465472014535
10626,274.7992135270418
10627,416.5261293363848
10628,110.573248679843
10629,561.3783520521666
10630,497.1437621157763
10631,-201.6098773445091
10632,-370.0522982615885
10633,731.0573724235978
10634,-380.137079155169
10635,-200.6025155052087
10636,272.086011893755
10637,269.8405899107629
10638,-243.563995085346
10639,-80.6420943458687
10640,-467.97701289855513
10641,384.1033091717125
10642,-158.5146407643826
10643,-321.1429089790807
10644,-72.30709812158341
10645,244.896501048631
10646,-111.7668798992762
10647,-71.3035416162862
10648,-97.14900534513909
10649,387.9928529444622
10650,134.0797608254545
10651,-372.72453971834415
10652,-153.897348914106
10653,376.0557246783066
10654,-45.066999727281896
10655,29.1110242016166
10656,-164.3884137139243
10657,291.3802875570238
10658,-389.6429089892456
10659,-145.4538136607278
10660,276.50614199272417
10661,-134.0938109171891
10662,82.9481115548119
10663,143.7733706105275
10664,230.8537782304086
10665,649.8980469913478
10666,188.1001141039919
10667,170.77221614376168
10668,-533.847484479048
10669,-516.1349688253702
10670,-356.7869746721652
10671,480.903743205648
10672,-54.5359929616753
10673,-272.6605720403806
10674,-89.1636934197675
10675,-97.4000408249598
10676,-264.2980377506264
10677,-558.8516759610408
10678,-18.2231739898222
10679,238.68337858797932
10680,-107.4968268789765
10681,-439.73714969227365
10682,-366.0873776204495
10683,540.4744022919009
10684,-335.91922953998835
10685,128.98481364662442
10686,-360.4650592778835
10687,-211.0145865682001
10688,115.7038360539968
10689,-723.6333562247718
10690,380.8939221056087
10691,24.300969805755898
10692,-145.3876145274096
10693,-157.28295617853868
10694,134.1033600367293
10695,215.9571007711614
10696,-310.2061637343893
10697,18.0188836938423
10698,-287.16969472965917
10699,-244.8288894362386
10700,-126.1519063210305
10701,-276.8510336972008
10702,-63.902823195383796
10703,-268.2907419843652
10704,80.9906061870765
10705,135.491976491479
10706,265.86171737073533
10707,290.15338931857417
10708,72.857507069876
10709,-88.6450183828438
10710,-562.5238017086104
10711,-257.9685916645924
10712,-88.3281877322765
10713,-608.9048913545778
10714,16.6481298468672
10715,-117.9966414450885
10716,244.48813585825118
10717,60.961320646526794
10718,640.8504726114268
10719,15.0735926586626
10720,135.0064443047727
10721,39.5233745332322
10722,86.4456057413424
10723,20.3376546154556
10724,217.4424202319806
10725,-8.5748459902477
10726,172.39758731739892
10727,-326.0037487732894
10728,347.5813407240379
10729,128.9580390911452
10730,-379.7500886129534
10731,-134.706957056625
10732,153.5688851434244
10733,-72.1227860889707
10734,183.3084883057266
10735,-456.5387761913783
10736,152.2753016259966
10737,-20.6582805990706
10738,245.6223283546584
10739,776.4009728233556
10740,-320.1434529602245
10741,-479.31970828477813
10742,-69.7543486029083
10743,-372.0104531960514
10744,397.28224738180865
10745,94.9729302515404
10746,-545.8700939849764
10747,92.7173308480332
10748,456.62324679869687
10749,140.3351962920396
10750,-542.6167845034419
10751,33.2561784730554
10752,237.5455531193659
10753,-260.5147806037737
10754,-227.7411780489452
10755,-18.3742079446439
10756,357.2320793577895
10757,234.1686632237949
10758,309.0494908647156
10759,109.4162090726786
10760,297.0462771953382
10761,431.2827186897727
10762,-285.9027541516835
10763,-461.1231850605629
10764,458.8411685202924
10765,-35.1324786579341
10766,-138.9667786727797
10767,435.8781113541385
10768,-327.5517324812434
10769,-16.1758422256009
10770,32.6873831509721
10771,-143.11036093613342
10772,-82.9116379681932
10773,-26.3958495790882
10774,-295.906542483769
10775,-300.94455130927764
10776,-157.037461760564
10777,-444.1054251705675
10778,55.542959233744206
10779,136.0957334337383
10780,-59.934234414138
10781,774.7869393558547
10782,-291.8214694025419
10783,449.6545133580522
10784,-231.20082491305268
10785,88.1805884040511
10786,511.682381615944
10787,27.698913991854
10788,69.71900343078521
10789,-684.0304286748193
10790,-181.1657541891077
10791,-592.2856835316267
10792,-326.3723044913682
10793,527.5739554313371
10794,-175.98223228892468
10795,555.3273243262496
10796,-40.0621925694765
10797,-242.9096118442565
10798,466.4750098322084
10799,209.7265782177989
10800,112.47399028633771
10801,655.9597092112728
10802,-253.67288201365432
10803,-143.14006436902682
10804,261.9090334491254
10805,-51.430524620989104
10806,-646.5343714931212
10807,-114.117306455129
10808,126.1493111800802
10809,204.593462858995
10810,-300.3936136583136
10811,-415.6867458895397
10812,6.449152884280901
10813,72.8010777748285
10814,160.6608720814525
10815,249.3116892918171
10816,-248.285345246563
10817,7.8306299226126
10818,-466.3838270166582
10819,290.15144404460165
10820,-309.0332065633399
10821,528.6916611956264
10822,372.49384793225414
10823,-328.0862663096855
10824,-94.6587340772513
10825,55.5691941404573
10826,67.3438241903165
10827,-533.668381249131
10828,-128.1086335034482
10829,-542.994858446419
10830,54.634639672580896
10831,182.6604348326793
10832,-41.299485730891
10833,652.8127633917354
10834,-336.9657807378884
10835,99.9628201977378
10836,811.7900163367077
10837,-346.2521160653
10838,103.69087960098379
10839,487.7360812633323
10840,120.89569101399141
10841,-324.32967405436966
10842,-136.4121297121485
10843,-41.9244300309769
10844,282.7029865802338
10845,345.6203289702047
10846,124.6979853475235
10847,-206.113352833734
10848,155.9399858321405
10849,-443.7672299433855
10850,-273.343003400596
10851,195.9503308185457
10852,-30.6900408513998
10853,86.56778659815441
10854,-312.2113618894963
10855,41.0052469614579
10856,307.6751801999478
10857,532.9059494214047
10858,260.1616805633802
10859,362.00550753373665
10860,101.3289812019682
10861,38.441296139893794
10862,20.2676747539028
10863,117.44024988074621
10864,573.6911827078558
10865,-507.5920585145002
10866,-211.76962671045618
10867,-78.39989740428159
10868,-319.5737676595733
10869,-267.4465644183347
10870,-780.8570319676235
10871,50.2299805564438
10872,-298.5490108171673
10873,23.392386523116897
10874,-76.2905974101472
10875,-257.5974704642544
10876,171.56436509796532
10877,-121.60078316248979
10878,-451.3737768554303
10879,81.1353388426824
10880,-212.552493171426
10881,-3.5349272290956
10882,-408.25548100018483
10883,-158.6513319446579
10884,238.3983420161307
10885,-133.0357232736967
10886,-266.084082606064
10887,247.7427043819475
10888,347.9665442832369
10889,-511.315242810867
10890,21.8158712150196
10891,-163.8414096422911
10892,-472.56083639704735
10893,-365.0082671512348
10894,272.43713793224
10895,92.3737637489163
10896,491.8081456846516
10897,-200.03605813580842
10898,144.3149082498746
10899,-554.3580524199991
10900,-449.3575578941573
10901,565.0154801799596
10902,446.31875807462114
10903,309.6973881874127
10904,282.92794140775
10905,176.1976281899679
10906,-315.1418517603812
10907,612.3377931152968
10908,274.252231247731
10909,-19.436173058565103
10910,404.6254477705242
10911,47.2664814269854
10912,101.896240809605
10913,98.148095627779
10914,-231.3525824437227
10915,136.3361231916423
10916,-150.3100592679495
10917,461.199549978788
10918,145.6901588842731
10919,-405.82374187555814
10920,-405.5525658750962
10921,213.6739436505613
10922,-204.8036402731439
10923,-118.5706379105085
10924,675.230264829072
10925,145.1619878685345
10926,489.6870020199624
10927,-173.7655745936935
10928,89.6916846528367
10929,239.0117915423096
10930,-68.18000068660079
10931,93.6667756151325
10932,-196.553017220087
10933,-711.7534447200927
10934,-104.15023991148979
10935,55.7300395012294
10936,74.2403505847862
10937,625.7495908769043
10938,234.9868848687544
10939,221.5929479387569
10940,61.9315917567946
10941,239.73644833443618
10942,-21.3380818183183
10943,180.1647362970922
10944,14.918627995498198
10945,-374.8656883482515
10946,-397.51492885840315
10947,114.6669084321615
10948,-269.6162287989432
10949,0.1392122144915
10950,-34.5948467606937
10951,72.7340212266815
10952,-188.8055631390381
10953,-365.53367192345337
10954,-67.595522554268
10955,19.5011701391788
10956,212.7825901382335
10957,170.7228468826319
10958,48.7560558820187
10959,-239.4465227916464
10960,409.7382051551802
10961,399.868005650309
10962,18.6931004599764
10963,165.76697195984332
10964,-124.3894534967104
10965,54.9945232127864
10966,640.4320745648681
10967,7.5787927355545
10968,-265.0476304100111
10969,1.6927330910935
10970,18.5171336212675
10971,-248.8516393016926
10972,106.8619315465079
10973,251.63914312090958
10974,133.837739536407
10975,-358.2669613769305
10976,426.2614473176403
10977,71.9784224697406
10978,-322.0875596252203
10979,438.8402675015935
10980,-40.132114491342
10981,283.8035686529256
10982,-487.90619533258433
10983,-86.93302825214809
10984,-470.85015109169063
10985,73.146482773152
10986,-688.3900989407994
10987,392.4785675660408
10988,-328.6310374955383
10989,149.3916006346925
10990,321.7931147606055
10991,584.393087045063
10992,206.75729570024882
10993,36.5482259970078
10994,-37.778285211188205
10995,-551.0517094651364
10996,-107.8512038775699
10997,-176.8060279535305
10998,-356.88949117318236
10999,418.41458411247834
11000,-26.1334960169815
11001,-213.9095136280311
11002,246.5797888198769
11003,-32.0110249497125
11004,-126.7325884958267
11005,26.9144915576193
11006,198.921973762952
11007,-18.8435544147074
11008,-119.5148460764235
11009,-389.9037605310733
11010,-149.5092860714787
11011,-308.9620302146945
11012,-478.77716041375237
11013,-616.7291412522793
11014,-25.8908296113845
11015,-133.1765903168637
11016,-633.0587252293208
11017,-32.2632947456076
11018,28.795819581694698
11019,-290.0013236406603
11020,-168.02496539200058
11021,-173.8410200197398
11022,107.2795541516628
11023,278.3287852070005
11024,164.7366518159129
11025,596.7860199506163
11026,737.7802177171222
11027,-57.0443987038877
11028,-20.3819130278852
11029,193.11140830024658
11030,150.9524222036817
11031,-340.8779258558665
11032,207.5565702465375
11033,-27.6747261258924
11034,-146.9516573657118
11035,-121.8806682961266
11036,144.4795053298901
11037,333.209531678897
11038,-452.5131209680453
11039,-208.5368467442233
11040,265.84494752360933
11041,-86.1964595005006
11042,-456.0106179223631
11043,-377.7300472014277
11044,277.5566889704528
11045,-98.28816556864341
11046,-258.6774182328503
11047,508.5130216465905
11048,-27.829466767415198
11049,-397.8382252241874
11050,27.2942315480418
11051,55.4609069629133
11052,86.5244396150265
11053,-417.7182670641673
11054,265.07469217436983
11055,126.49537980057359
11056,-731.2337998933425
11057,26.7685290704316
11058,15.1724249654738
11059,603.149177053961
11060,-68.5103690857607
11061,-630.1588497389251
11062,391.4398950451702
11063,191.2673977127124
11064,-82.79915889804559
11065,874.2798355716814
11066,130.102209656079
11067,24.825257629838802
11068,10.0156845555304
11069,407.5535519509844
11070,184.9337224498365
11071,699.4013403550845
11072,12.8741821712499
11073,-569.7950312054747
11074,-60.6182675302713
11075,-96.5894429258605
11076,19.660708357384603
11077,30.225969050066
11078,-107.06858214835691
11079,-23.4481530233085
11080,-16.5634897551124
11081,18.7673179985881
11082,145.9503818222066
11083,-428.1027566009215
11084,-158.17477611037182
11085,-44.3780808967881
11086,-411.29977054483015
11087,218.4210180820246
11088,141.2453078447526
11089,316.6347559705907
11090,93.6802398253552
11091,154.1640540256551
11092,-132.9202502359106
11093,-293.8735713953071
11094,485.306345587875
11095,-271.2294815068546
11096,373.3831471784333
11097,-359.669598756328
11098,-459.99230445069514
11099,209.05369852328158
11100,46.7400835148773
11101,-767.8965435991787
11102,-153.969466825706
11103,-66.6828924615681
11104,-15.9440350808873
11105,16.0759843450002
11106,157.0389367015735
11107,585.6578635592913
11108,-259.6381059793917
11109,264.4864666930857
11110,171.5586506995271
11111,182.0657255450851
11112,-336.88337336089216
11113,-403.23853870315213
11114,114.5777251079547
11115,161.83644349638968
11116,-628.044701000105
11117,242.0117530553878
11118,362.8630361176535
11119,60.713706404244604
11120,-359.311231213259
11121,-379.0818795057265
11122,237.8377849497885
11123,-293.4175091399248
11124,-397.4513792029812
11125,159.58885605132508
11126,365.03747521359514
11127,-720.6128464897356
11128,500.1648657714836
11129,-11.265810006163
11130,-69.3550150252382
11131,250.86562155967792
11132,-169.3067854080244
11133,120.4372069269265
11134,-39.9531578253934
11135,-520.8790659997444
11136,-631.1061053453722
11137,-189.4512872458669
11138,73.5707873664436
11139,39.638131936282
11140,-459.8374387751047
11141,4.0290717234962
11142,-197.4488996568163
11143,62.3897425691469
11144,-186.4453523692715
11145,-133.6082201956016
11146,305.022978952864
11147,-46.0224675921478
11148,-42.2814759850074
11149,-174.6134231397823
11150,-221.8174242781656
11151,-177.5825537147665
11152,-1.6457791602113
11153,92.19561472892791
11154,380.636643348124
11155,5.1762855335076
11156,-43.2641378603597
11157,138.56909768313258
11158,-644.2373399718051
11159,-264.052648540981
11160,388.0771113359532
11161,-314.57550396753214
11162,68.5957788536987
11163,313.90250595867036
11164,-174.1363800055002
11165,75.24506091716721
11166,-48.3004965347903
11167,366.328134930542
11168,-300.9531752245192
11169,52.2954749728069
11170,199.7645085288466
11171,-291.4521388811771
11172,-221.2552571419516
11173,-347.6337366501138
11174,-203.1697372256601
11175,-377.9229754446046
11176,-39.0599012387204
11177,-27.6577089869232
11178,-4.8400690110827
11179,387.6931701816697
11180,173.075211008615
11181,932.270401678972
11182,-79.7594893496655
11183,140.8319773722504
11184,39.6840298581275
11185,443.5242080443129
11186,342.35994872023866
11187,-137.8579525840635
11188,596.3305304911721
11189,207.6469264235071
11190,-628.7444696897269
11191,498.51770649884384
11192,-157.9392487400487
11193,351.107839765742
11194,21.7113335356003
11195,-147.85882005549368
11196,204.57246274928082
11197,29.4746182494127
11198,121.43392964124429
11199,-565.6199353865665
11200,-229.6105869585276
11201,-46.804477108741104
11202,686.999341350482
11203,-439.3760081383561
11204,-564.3067809262276
11205,-449.4452387206119
11206,-187.0133755779534
11207,63.7144707523071
11208,226.5321796112893
11209,-238.2619588660744
11210,8.031752667967
11211,-360.6886941851464
11212,-123.99311613868579
11213,-388.8646194630038
11214,21.025862631446103
11215,-301.5018712563037
11216,215.8774083128966
11217,403.5102100498
11218,435.69760335692683
11219,-107.1009208837222
11220,186.0469207837365
11221,347.569484739806
11222,258.8139591153045
11223,-431.3756614817932
11224,-169.35938198101968
11225,106.3866800430397
11226,11.40634334778
11227,362.596204029564
11228,-602.2073540911479
11229,707.5559184457944
11230,202.1749187820549
11231,-50.3371197676569
11232,-170.3294234532489
11233,-33.3113709039496
11234,194.42983492011558
11235,-358.5893509674072
11236,-212.26535326917718
11237,-291.4211038222633
11238,295.55761894971135
11239,-278.973387273084
11240,23.65365330011
11241,-64.4636109068396
11242,-550.51306724134
11243,541.3432697524756
11244,95.0633304113096
11245,14.5982073746325
11246,108.6088351912705
11247,-390.9747091142426
11248,358.6664196609009
11249,-656.737371354633
11250,39.6217040406497
11251,-112.1078139764175
11252,-3.9966181836037
11253,-399.34877852946767
11254,-189.94215830266782
11255,25.705003254618102
11256,-514.3423090508951
11257,42.9033889964728
11258,-18.9326524215668
11259,-109.3230964996573
11260,-32.8990917139464
11261,-543.8120026538534
11262,402.3710870309701
11263,36.2443153794274
11264,228.3040758000941
11265,346.3830222771373
11266,-401.222706990685
11267,54.057197731365
11268,6.8622333480843
11269,-3.8120805658921
11270,-445.4514919738878
11271,162.0875187432691
11272,176.3675250138712
11273,-516.9719819284373
11274,189.9931600934902
11275,-164.45712796519308
11276,174.20994712832783
11277,-510.0297763148842
11278,174.7848851098712
11279,-352.7463243272838
11280,-145.46097708961682
11281,456.971861170661
11282,-463.5148906726277
11283,-363.58427640439334
11284,-157.84808228490368
11285,-195.3606096202618
11286,152.0406877568565
11287,-197.0922676688174
11288,36.4809653687196
11289,993.2248779784693
11290,-387.0287931868154
11291,-6.6165108828032
11292,-272.0688608858404
11293,-138.5995455101103
11294,-105.0394486125998
11295,-21.5295244047235
11296,91.0571991502296
11297,-65.7911971494723
11298,164.4728771009371
11299,-17.997827027465103
11300,783.8866597139142
11301,-339.23112472431285
11302,-196.48456361783568
11303,357.218495409682
11304,186.3106252115696
11305,138.0941036840313
11306,-11.6324614777385
11307,175.8091637342036
11308,-224.6173498323624
11309,68.8557964118674
11310,201.2111313900394
11311,257.8711428771627
11312,-432.8705595172986
11313,-893.9998008184389
11314,671.8650784658579
11315,-143.3726491912183
11316,622.2386586662822
11317,179.3844262904726
11318,553.7744088919056
11319,133.3992211640382
11320,-278.76344183166583
11321,-316.6280409529841
11322,503.4156628826668
11323,282.687135996657
11324,-192.34979075415183
11325,-266.5062159351732
11326,28.4420926919714
11327,-502.81066448893387
11328,-284.89716781773967
11329,334.3253961027037
11330,131.8555942163129
11331,-163.0690052750663
11332,207.6978104450535
11333,84.5377553554173
11334,26.2596290661028
11335,-255.9221373063671
11336,51.2829027424821
11337,-102.04962146231121
11338,160.4343041062873
11339,285.3933559563085
11340,-58.8409645216816
11341,103.10534910665871
11342,-294.3112930187335
11343,376.90749077827587
11344,69.80186693396921
11345,866.0001885226098
11346,-39.3728965805395
11347,64.61420289331811
11348,-169.656034169067
11349,-545.1873976319998
11350,-61.7696368475374
11351,-497.32028453380735
11352,462.2911105292882
11353,-153.2691425095554
11354,-206.0069414591026
11355,-139.6796790389993
11356,-86.3160350000835
11357,589.4439429065598
11358,213.39162365467132
11359,160.8426920524975
11360,189.1431187909543
11361,-353.6233316812032
11362,-195.46146888135118
11363,-130.9704878475704
11364,-411.8978482107085
11365,339.5361109610373
11366,278.70802857875617
11367,262.5393308909977
11368,-182.3152473785591
11369,312.59253988430635
11370,292.506966028492
11371,-191.3981291302145
11372,97.198965890428
11373,-323.0624519693487
11374,-641.6335236830919
11375,34.4043177859413
11376,332.6146395449396
11377,374.39429080114513
11378,79.7405744369824
11379,-175.6645414801168
11380,161.8497799905452
11381,247.70962726907982
11382,90.7385821923597
11383,406.91954278272664
11384,-128.2933840449152
11385,131.2733075553549
11386,729.3094416276248
11387,721.9516507762629
11388,-177.9400006337244
11389,709.5229020169675
11390,68.44182794627629
11391,-488.0481067137033
11392,152.7459391461764
11393,-239.25028478333408
11394,-147.2809571447956
11395,-45.208318575645706
11396,-222.1244934454271
11397,-332.6152838819179
11398,-119.3673758230041
11399,411.5976153741662
11400,165.3828837539901
11401,488.27546568672
11402,224.1448993009881
11403,57.123193278739
11404,264.6650201978731
11405,-126.7509829447082
11406,-376.2060205940092
11407,48.7913739177847
11408,420.1980640051415
11409,-415.5596397131087
11410,-45.072678714989294
11411,-169.4855745354322
11412,744.9633226613818
11413,-534.1845713199483
11414,-151.031128091009
11415,577.9358654693665
11416,46.726387390608295
11417,311.55408180562216
11418,357.3063765881052
11419,265.41273843984067
11420,-253.5973690253509
11421,-473.8813440500307
11422,12.6884446058774
11423,-132.5642669004879
11424,72.473819203476
11425,217.4358052292227
11426,-335.7785201122076
11427,-262.20462447685384
11428,95.51698320910191
11429,-209.1819202453595
11430,456.6356734923427
11431,308.4305601974658
11432,-28.8537311256813
11433,-358.5178471510808
11434,128.3117267744262
11435,145.6247243814602
11436,95.667008034185
11437,268.2835409130815
11438,-466.92441624646386
11439,-314.3209496912713
11440,344.7406648862775
11441,220.7075581367114
11442,-578.4755239012405
11443,174.8090781147941
11444,399.9414839607325
11445,732.6720966332517
11446,667.302730332916
11447,-63.0965129827212
11448,245.90652202892218
11449,21.730193019488603
11450,-248.6526404247264
11451,-197.0407550517399
11452,-282.04647226508337
11453,-81.15238925755429
11454,52.3653616037866
11455,-2.2571267781351
11456,-758.8756116063782
11457,213.4914591224905
11458,-169.27147826397692
11459,184.72028865201258
11460,256.5643049747523
11461,-63.2488977765196
11462,-272.717871837325
11463,135.7944634714893
11464,455.78074339530514
11465,-129.3563765217192
11466,62.87337039222
11467,-386.8529378948043
11468,267.2276588361104
11469,287.2411869226276
11470,-52.0997286525845
11471,76.4069566483917
11472,-138.162150897381
11473,203.5561486423051
11474,15.4887110202661
11475,-5.9680825169685
11476,-31.644142590968897
11477,221.5663023069263
11478,-687.0023182063169
11479,483.7842231435405
11480,958.0223790880727
11481,191.5960609293112
11482,-58.5897055745354
11483,259.4623062040435
11484,-6.3167575619115
11485,-270.2884690000886
11486,-772.4642296251154
11487,-146.4633192619985
11488,-37.7814609930162
11489,331.5519575822498
11490,570.4745741117808
11491,-182.5998962757516
11492,-356.0940866069385
11493,84.142951210364
11494,-115.7266417991651
11495,431.89838199541
11496,-39.0276083608549
11497,28.1633830629485
11498,-54.0638534332929
11499,-259.96553784016334
11500,157.6968782048077
11501,-451.57353618095317
11502,482.5565048687755
11503,242.5569452090998
11504,-588.1137438098018
11505,81.0170968959935
11506,325.40673944403017
11507,-22.0522351506557
11508,-296.27850419733113
11509,299.051913586139
11510,468.2699312239478
11511,-99.60746951487809
11512,5.2780854471667995
11513,-101.9471501707085
11514,172.8154349633901
11515,-676.7207529529059
11516,-85.33458519818741
11517,117.543695716482
11518,-83.6287873883057
11519,179.755627701634
11520,-83.3529634745276
11521,-21.4191789522167
11522,292.1247462432762
11523,-100.1639608776519
11524,-295.4450782425563
11525,-196.1996154609631
11526,-90.4034979856609
11527,-58.114124094914104
11528,-400.3793446976447
11529,236.32717532971418
11530,-312.0048905394503
11531,448.89904737276436
11532,202.7355050769526
11533,94.92875456289609
11534,60.247307917510604
11535,-149.4366324908836
11536,406.7833814658025
11537,600.8120265364313
11538,-23.263559460762103
11539,-565.3127069056476
11540,156.44069172561169
11541,648.6215466239543
11542,405.7197964687424
11543,261.80583136930017
11544,22.3560839350154
11545,238.4124747322885
11546,164.5680237527015
11547,-83.3467411485823
11548,209.7749198244945
11549,-198.97437741530732
11550,-78.73473210337491
11551,27.7324881019245
11552,450.3167950749092
11553,-78.31520558005141
11554,-267.638906333802
11555,348.3318744546582
11556,-404.4550391740678
11557,330.095939493693
11558,-532.9705587435965
11559,530.1667228330987
11560,-741.0568046410541
11561,478.64952344734
11562,164.6318792135608
11563,-449.7107531471185
11564,-412.11481107833913
11565,219.1277390751058
11566,-378.68930950300484
11567,368.7333880545343
11568,37.3384269584687
11569,396.4934950040529
11570,-29.329794718535698
11571,35.4752518390909
11572,-267.29107555681367
11573,-417.3465797913097
11574,-250.3010652766376
11575,-228.957200092187
11576,692.2513473375058
11577,-411.15737206575267
11578,482.3211788824998
11579,109.403869223087
11580,547.6205815138991
11581,179.8842650846921
11582,-521.579310189512
11583,-0.5366722202064
11584,-1.3108832742804
11585,-248.0508314562959
11586,-243.0680618201312
11587,199.5673007517023
11588,381.3240432569335
11589,-393.1688038873968
11590,138.2324527613485
11591,34.241055697987804
11592,-4.6291546141178
11593,-151.8619312819585
11594,335.54637222708965
11595,-93.1452980827055
11596,507.7532186638951
11597,-355.4656205338223
11598,143.0897843816088
11599,137.9468840362694
11600,-151.046006043897
11601,-19.6017736924688
11602,105.84882713406179
11603,-172.785189981266
11604,482.127263709998
11605,-267.5391741332548
11606,39.9055557861301
11607,-52.8557965310745
11608,-21.222446731210198
11609,155.37989346108432
11610,-96.06927783501641
11611,-163.1753040969972
11612,-180.3657397735509
11613,-264.6784345236
11614,171.4279516464371
11615,-11.457713362942
11616,239.9973419068966
11617,-39.8499538384161
11618,-211.7416065579568
11619,-354.169356173565
11620,72.4794629520894
11621,306.8202044401936
11622,10.7102384791626
11623,-367.951642997273
11624,280.9986782848991
11625,607.1342789952013
11626,226.07866695707008
11627,565.9296380146842
11628,-147.76747216989858
11629,-314.0375602749047
11630,-180.0455352520885
11631,51.270977379871795
11632,-118.819842214134
11633,-258.2606219427471
11634,-229.8371302020434
11635,200.3647586231519
11636,-348.0714175640101
11637,-584.8608659725446
11638,-4.929876831026
11639,-163.44221481669868
11640,87.0275192985695
11641,41.5666350434535
11642,-494.8904637770149
11643,-60.8877112029748
11644,-173.55136971975082
11645,181.264521180212
11646,-51.3257090867705
11647,43.950997305181794
11648,-517.9818134858788
11649,-355.55266690328517
11650,272.4021668773413
11651,490.63038344697236
11652,-37.2347068678218
11653,100.1917811771596
11654,32.2647431166698
11655,342.3839958945965
11656,-274.3839964056686
11657,-461.5994801818365
11658,399.1178188156314
11659,59.9416624192662
11660,-119.02693796298121
11661,-281.7090515974907
11662,-127.6286844483185
11663,-556.581910177825
11664,-79.3792344122199
11665,-84.2839875517498
11666,-212.8581543336194
11667,72.2985846798134
11668,-416.4589989203812
11669,-151.3927706678181
11670,-112.9432574665683
11671,-386.9976053679826
11672,553.3497133654167
11673,-80.9378345808713
11674,265.6051645120161
11675,498.06450504154583
11676,447.8834076769251
11677,-162.95338863409
11678,121.20351520652059
11679,106.0234284584316
11680,340.5063554149728
11681,4.3144167627815
11682,-92.64783669165429
11683,-354.1295771288344
11684,214.0074765324251
11685,-345.6914287422605
11686,-271.8022086291161
11687,426.3090773781533
11688,-37.757507170520796
11689,-180.46345723783432
11690,-97.58231078807191
11691,347.82231323352613
11692,-237.0130908039771
11693,118.1231187011871
11694,681.4766679385008
11695,275.6633448909282
11696,185.164816399573
11697,-13.1593633673162
11698,274.0722474871898
11699,178.7610296558835
11700,-178.9803951614063
11701,391.8425175864835
11702,-308.9499410969801
11703,-324.8362159483898
11704,262.0871357430681
11705,398.5210640940399
11706,-368.25488043296065
11707,-181.1825114378505
11708,-166.41347208747467
11709,68.9875525872536
11710,-249.4901287843145
11711,443.6033748432898
11712,13.6504598838505
11713,-212.5303785237176
11714,-27.915418712236
11715,-240.7998218457104
11716,-142.8830914479368
11717,-285.8343043909049
11718,460.63166868009336
11719,-225.107880299506
11720,97.82651932861991
11721,350.5872568742835
11722,378.82385166848735
11723,-3.8848455252727003
11724,-260.948288566838
11725,-64.5615861738183
11726,-270.603284166692
11727,-569.4207476943708
11728,142.46838399487982
11729,228.1523179274669
11730,170.90589405270768
11731,-88.73300598116809
11732,179.5851459685292
11733,176.78682556049358
11734,-56.270574348238206
11735,-185.8725872968256
11736,100.4465873109708
11737,-63.6621795455848
11738,623.2061139971221
11739,-122.1689810537803
11740,-216.5726412681249
11741,-130.9809745007366
11742,-293.8266585893759
11743,167.9238436272992
11744,9.2595075934131
11745,-587.4956962603293
11746,304.7248094184762
11747,251.4635951168521
11748,-304.060967745242
11749,108.0433695754604
11750,-218.67189979790209
11751,-105.1301838854363
11752,121.3563310871569
11753,-302.96404134850064
11754,529.661639928588
11755,-224.5501111509536
11756,688.8598020995773
11757,121.62140840748229
11758,495.8633096373988
11759,-104.8970080032132
11760,-39.4036928277116
11761,-218.4339384089338
11762,-242.0754292376034
11763,328.46917366165087
11764,-121.5706232243742
11765,-351.9613272364562
11766,235.8965433600896
11767,211.84331613383608
11768,581.9859083831246
11769,-187.8168517671767
11770,-88.2035305628132
11771,-121.26318282161391
11772,-682.3449315356834
11773,-61.455993571582
11774,69.0090413389831
11775,132.89487284698941
11776,41.6468207434631
11777,-513.1698248834672
11778,216.7434409233469
11779,-533.8087878872968
11780,-467.1030650315721
11781,39.6939896551459
11782,178.8448375901786
11783,-255.9126843608316
11784,468.69097201293715
11785,-959.1458675174446
11786,201.8625119158862
11787,-282.5687070757382
11788,-392.4349515666041
11789,-219.6877577980356
11790,169.5930226678125
11791,-21.8956657693372
11792,-242.2799222872566
11793,35.588860751347205
11794,336.4403335300433
11795,-63.3315203300063
11796,-4.4460482737866
11797,-312.3153657145602
11798,14.5814155719424
11799,-258.2235127345506
11800,725.8387913302837
11801,-303.8280646204014
11802,-726.1845220640304
11803,93.4226836944131
11804,92.7979825837214
11805,342.4123292506727
11806,856.1825394344153
11807,-54.883147062181706
11808,-213.1372064142552
11809,-365.0835488849474
11810,-733.4819620034942
11811,-206.0583819357794
11812,-418.2722352600777
11813,358.804469470953
11814,-260.6223453246693
11815,546.2345722587838
11816,187.4494866560296
11817,-22.0339829007957
11818,88.7305170234145
11819,-243.1384797848776
11820,-41.3796662789562
11821,-543.62402412009
11822,840.8060354669685
11823,402.8242218186641
11824,79.42070559550041
11825,473.3897942639643
11826,-57.6454900468161
11827,210.11286727244192
11828,-185.7574529010998
11829,22.7691380035857
11830,940.7468340773514
11831,-442.70666780215583
11832,-475.2447822521923
11833,-339.9942839816208
11834,541.6463647301907
11835,333.4990795646738
11836,-765.4962533792755
11837,91.1931891808725
11838,164.45073228966268
11839,274.61283312273866
11840,263.18825389803783
11841,303.62233467676464
11842,-92.189525537956
11843,208.9737133756829
11844,-170.0341905096146
11845,41.5581963580473
11846,-670.8313651099273
11847,452.65937770406833
11848,741.8102612544453
11849,420.5524115040742
11850,400.35300244817813
11851,-181.64239575564181
11852,162.04635840200518
11853,2.7480936093336
11854,534.6906446334303
11855,145.0593687435125
11856,245.6397735237515
11857,192.7063366360495
11858,486.5739863716468
11859,525.2699999852707
11860,172.0015914277913
11861,342.56191471401763
11862,-338.448809895122
11863,99.9713350438034
11864,-176.90171781690267
11865,316.4260102039326
11866,-637.4632411206284
11867,74.5333573639014
11868,-319.6093541834507
11869,-234.073571969634
11870,238.8317632455622
11871,684.2995158543798
11872,-273.3939469063438
11873,229.4938738284959
11874,-191.4280518183521
11875,591.736550901238
11876,-357.71707695786665
11877,279.3492027993533
11878,16.3853469823744
11879,1015.2321071191617
11880,-44.247648670116604
11881,-259.1203848495991
11882,6.686312571179901
11883,113.41765950025379
11884,164.369060429106
11885,-219.7909106431461
11886,-50.9121501652261
11887,234.6937848292131
11888,-225.7460471560123
11889,-124.5680611202294
11890,89.3308063458623
11891,-24.0398223211535
11892,949.8138509171469
11893,21.6852932429475
11894,-333.0669156217105
11895,51.6352667711274
11896,-328.7470589180691
11897,-622.2335618237696
11898,-406.82572326736715
11899,-126.3808381615701
11900,-298.35683404440863
11901,-494.63240273285
11902,579.0223407583983
11903,170.42489512238268
11904,160.4512727890138
11905,-127.5324575092083
11906,116.5126074916415
11907,137.2448368952322
11908,-1.2351263056274
11909,613.2508183966264
11910,435.2344808605942
11911,160.3869671002332
11912,-185.4738897703501
11913,188.6406559940114
11914,-610.5603513173608
11915,23.7146571863998
11916,-97.9046914045956
11917,-120.6134540859718
11918,353.07871733578736
11919,-18.4428875052954
11920,-120.2854689341744
11921,15.3929101038581
11922,185.8069680477442
11923,845.65276300558
11924,349.45932877055867
11925,45.8926372369665
11926,-7.237928751001901
11927,-164.7161708339601
11928,107.2996369298587
11929,-99.6000997811488
11930,48.6163692693034
11931,41.1997060437069
11932,661.6732170958661
11933,305.9589879497775
11934,500.4110755868315
11935,-231.1609921757445
11936,334.1777324993181
11937,-326.4023426632564
11938,-574.1806195838037
11939,148.54087270945132
11940,613.9878825912876
11941,184.52036741988368
11942,-216.100467258755
11943,-616.0735283229869
11944,127.4698406742707
11945,-96.8815543927503
11946,-167.7120378439441
11947,-349.94699488619284
11948,6.614867126927099
11949,543.2797064068857
11950,-362.78103146833763
11951,-330.0574194946648
11952,347.0145487363172
11953,526.4307732934471
11954,-69.3425203045701
11955,368.0894293247756
11956,381.7237196417384
11957,345.8528403280832
11958,-204.6898131886204
11959,157.89721831896432
11960,-967.3833642179108
11961,527.9548197579917
11962,-338.8496057859544
11963,609.1811386017549
11964,381.1166205897981
11965,-18.351583240230397
11966,-92.24291830783059
11967,-166.0868655161455
11968,-173.93959945806242
11969,-221.13734204317618
11970,-228.37612245128568
11971,198.0616068094599
11972,-713.0064769343032
11973,-89.6818647418337
11974,-480.00457016778
11975,-271.7333959227007
11976,565.323639936671
11977,96.1114826323292
11978,178.61335856961333
11979,-61.174332454705294
11980,-368.6916872400584
11981,4.8477465781777
11982,414.4138213444013
11983,-760.3183167930515
11984,84.91271532686059
11985,-251.84732552029033
11986,280.7075845895198
11987,-391.2502782510766
11988,608.4991171703742
11989,-27.808460607212602
11990,-123.4141192692559
11991,-130.8292441940833
11992,18.5530688926027
11993,-433.16537587721365
11994,-303.7091261164652
11995,464.7152549850789
11996,496.48533446727834
11997,-35.1354094157958
11998,-131.67918453438742
11999,417.2691546213341
